<?xml version="1.0" encoding="UTF-8"?>
<configuration scan="false">
    <appender name="CONSOLE" class="ch.qos.logback.core.ConsoleAppender">
        <encoder>
            <charset>EUC-KR</charset>
            <pattern>%d{yyyy-MM-dd HH:mm:ss.SSS} [%thread] %-5level %logger{5} - %msg%n</pattern>
        </encoder>
    </appender>

    <appender name="FILE" class="ch.qos.logback.core.rolling.RollingFileAppender">
        <file>./log/parcelNice.log</file>
        <encoder>
        	<charset>EUC-KR</charset>
            <pattern>[%d{yyyy-MM-dd HH:mm:ss}:%-3relative][%thread] %-5level %logger{35} - %msg%n</pattern>
        </encoder>
        <rollingPolicy class="ch.qos.logback.core.rolling.TimeBasedRollingPolicy">
            <fileNamePattern>./log/parcelNice.%d{yyyy-MM-dd}.%i.log.gz</fileNamePattern>
            <timeBasedFileNamingAndTriggeringPolicy class="ch.qos.logback.core.rolling.SizeAndTimeBasedFNATP">
                <maxFileSize>100MB</maxFileSize>
            </timeBasedFileNamingAndTriggeringPolicy>
            <maxHistory>30</maxHistory>
        </rollingPolicy>
    </appender>

    <logger name="com.korea7" level="info" >
        <appender-ref ref="FILE" />
    </logger>
    <logger name="jdbc" level="off"/>
    <logger name="jdbc.sqlonly" level="off"/>
    <logger name="jdbc.sqltiming" level="error"/>
    <logger name="jdbc.audit" level="off"/>
    <logger name="jdbc.resultset" level="off"/>
    <logger name="jdbc.resultsettable" level="off"/>
    <logger name="jdbc.connection" level="off"/>

    <root level="WARN">
        <appender-ref ref="CONSOLE" />
    </root>
</configuration>