<?xml version="1.0" encoding="UTF-8"?>
<!DOCTYPE mapper
PUBLIC "-//mybatis.org//DTD Mapper 3.0//EN"
"http://mybatis.org/dtd/mybatis-3-mapper.dtd">
<mapper namespace="com.korea7.parcel.pos.mapper">
	<resultMap id="posOrderInfo" type="java.util.Map">
		<result column="INVC_NO" 			property="invcNo" 	/>
		<result column="APLC_STR_CD" 		property="aplcStrCd" />
		<result column="APLC_STR_NM" 		property="aplcStrNm" />
		<result column="RCVR_STR_CD" 		property="rcvrStrCd" />
		<result column="RCVR_STR_NM" 		property="rcvrStrNm" />
		<result column="APLC_NM" 			property="aplcNm" />
		<result column="APLC_CPHN_NO" 		property="aplcCphnNo" />
		<result column="RCVR_NM" 			property="rcvrNm" />
		<result column="RCVR_CPHN_NO" 		property="rcvrCphnNo" />
		<result column="ITL_TY_NM" 			property="itlTyNm" />
		<result column="ITL_NM" 			property="itlNm" />
		<result column="FARE_TY_NM" 		property="fareTyNm" />
		<result column="BAS_FARE_AMT" 		property="basFareAmt" 		javaType="int"/>
		<result column="ITEM_WGHT_VAL" 		property="itemWghtVal" 		javaType="int"/>
		<result column="ITL_UNTP_AMT" 		property="itlUntpAmt" 		javaType="int"/>
		<result column="CHNL_CD" 			property="chnlCd" />
		<result column="CHNL_NM" 			property="chnlNm" />
		<result column="CHNL_ODR_NO" 		property="chnlOdrNo" />
		<result column="RL_ODR_NO" 			property="rlOdrNo" />
		<result column="NIGHT_BUSI_YN"		property="nightBusiYn" />
		<result column="ODR_STT_CD"			property="odrSttCd" />
		<result column="TOB_DV_CD"			property="tobDvCd" />
		<result column="APLC_DT" 			property="aplcDt" />
		<result column="RCDB_DV_CD"			property="rcdbDvCd" />
		<result column="RCDB_CD" 			property="rcdbCd" />
		<result column="SHP_STT_CD"			property="shpSttCd" />
		<result column="SHP_STT_NM"			property="shpSttNm" />
		<result column="WRDL_YN" 			property="wrdlYn" />
		<result column="SNBK_RES_CD" 		property="snbkResCd" />
		<result column="SNBK_RES_NM" 		property="snbkResNm" />
		<result column="APLC_CENT_NM" 		property="aplcCentNm" />
		<result column="APLC_HUB_NM" 		property="aplcHubNm" />
		<result column="RCVR_CENT_NM" 		property="rcvrCentNm" />
		<result column="RCVR_HUB_NM" 		property="rcvrHubNm" />
		<result column="LST_STR_CENT_CD" 	property="lstStrCentCd" />
		<result column="CALL_NO" 			property="callNo" />
		<result column="STR_CD"	 			property="strCd" />
		<result column="SAL_CNCL_YN"	 	property="salCnclYn" />
		<result column="APLC_BUSI_YMD"	 	property="aplcBusiYmd" />
		<result column="APLC_POS_NO"	 	property="aplcPosNo" />
		<result column="APLC_DEAL_NO"	 	property="aplcDealNo" />
		<result column="RCVR_BUSI_YMD"	 	property="rcvrBusiYmd" />
		<result column="RCVR_POS_NO"	 	property="rcvrPosNo" />
		<result column="RCVR_DEAL_NO"	 	property="rcvrDealNo" />
		<result column="APLC_CTFCT_NO"	 	property="aplcCtfctNo" />
		<result column="RCVR_CTFCT_NO"	 	property="rcvrCtfctNo" />
		<result column="SVC_ITEM_CD"		property="svcItemCd" />
		<result column="PENGGU_OUP_YN"		property="pengguOupYn" />
		<collection property="carsInfo" 	column="invc_no = INVC_NO" javaType="java.util.ArrayList" ofType="com.korea7.parcel.pos.dto.CarsInfo" select="carsInfo"/>
	</resultMap>
	<select id="posOrderInfo" resultMap="posOrderInfo">
		/* com.korea7.parcel.pos.dao.ParcelPosDao.posOrderInfo - 주문 조회 */
		SELECT #{str_cd	,jdbcType=VARCHAR}	AS STR_CD
			 , INVC_NO
		     , APLC_STR_CD
		     , ST_ADM.FN_ST_GET_STR_NM(APLC_STR_CD) AS APLC_STR_NM
		     , RCVR_STR_CD
		     , ST_ADM.FN_ST_GET_STR_NM(RCVR_STR_CD) AS RCVR_STR_NM
		     , CD_ADM.FN_CO_STR_MASK(A.APLC_NM, 'N') AS APLC_NM
		     , CD_ADM.FN_CO_STR_MASK(FN_DECRYPT('ALLFP', A.APLC_CPHN_NO), 'C') AS APLC_CPHN_NO
		     , CD_ADM.FN_CO_STR_MASK(A.RCVR_NM, 'N') AS RCVR_NM
		     , CD_ADM.FN_CO_STR_MASK(FN_DECRYPT('ALLFP', A.RCVR_CPHN_NO), 'C') AS RCVR_CPHN_NO
		     , ITL_TY_NM
		     , ITL_NM
		     , FARE_TY_NM
		     , BAS_FARE_AMT
		     , ITEM_WGHT_VAL
		     , ITL_UNTP_AMT
		     , A.CHNL_CD
		     , C.CHNL_NM
		     , CHNL_ODR_NO
		     , RL_ODR_NO
		     , CASE WHEN ( B.BUSI_SHAP_DV_CD = '2' OR NVL2(E.STR_CD, '2', '0') = '2' ) THEN 'Y' ELSE 'N' END   AS NIGHT_BUSI_YN
		     , HPM_PRCL_ODR_STT_CD		AS ODR_STT_CD
		     , DECODE(HPM_PRCL_TOB_DV_CD, '01', 'RCVR', '02', 'APLC')		AS TOB_DV_CD
		     , TO_CHAR(ODR_DT, 'YYYYMMDD')	AS APLC_DT
		     , LST_HPM_PRCL_RCDB_DV_CD  AS RCDB_DV_CD
		     , LST_HPM_PRCL_RCDB_CD     AS RCDB_CD
		     , HPM_PRCL_SHP_STT_CD      AS SHP_STT_CD
		     , D.COM_CD_NM              AS SHP_STT_NM
		     , WRDL_YN
		     , (SELECT /*+ INDEX_DESC(X PK_LM_HPM_PRCL_RCDB_LT) */
                       HPM_PRCL_RES_CD
		          FROM LM_ADM.TB_LM_HPM_PRCL_RCDB_LT X
		         WHERE A.INVC_NO    = X.INVC_NO
		           AND X.HPM_PRCL_RES_CD IS NOT NULL
		           AND ROWNUM = 1
		     ) AS SNBK_RES_CD
		     , (SELECT /*+ INDEX_DESC(Z PK_LM_HPM_PRCL_RCDB_LT) */
                       COM_CD_NM
		          FROM LM_ADM.TB_LM_HPM_PRCL_RCDB_LT X,
		               CD_ADM.TB_CO_COM_CD Y
		         WHERE A.INVC_NO            = X.INVC_NO
		           AND X.HPM_PRCL_RES_CD    IS NOT NULL
		           AND X.HPM_PRCL_RES_CD    = Y.COM_CD
		           AND Y.COM_GRP_CD         = 'HPM_PRCL_RES_CD'
		           AND ROWNUM = 1
		     ) AS SNBK_RES_NM
		     , LM_ADM.FN_LM_GET_CENT_NM(RDC_CENT_CD1)   AS APLC_CENT_NM
		     , CASE WHEN RDC_CENT_CD1 != RDC_CENT_CD2 THEN LM_ADM.FN_LM_GET_CENT_NM(HUB_CENT_CD1) END AS APLC_HUB_NM
		     , LM_ADM.FN_LM_GET_CENT_NM(RDC_CENT_CD2)   AS RCVR_CENT_NM
		     , CASE WHEN RDC_CENT_CD1 != RDC_CENT_CD2 THEN LM_ADM.FN_LM_GET_CENT_NM(HUB_CENT_CD2) END AS RCVR_HUB_NM
		     , LST_STR_CENT_CD
		     , A.SAL_CNCL_YN   -- 매출취소여부
             , A.APLC_BUSI_YMD -- 접수입고 영업일자
             , A.APLC_POS_NO   -- 접수입고 POS번호
             , A.APLC_DEAL_NO  -- 접수입고 거래번호
             , A.RCVR_BUSI_YMD -- 수령입고 영업일자
             , A.RCVR_POS_NO   -- 수령입고 POS번호
             , A.RCVR_DEAL_NO  -- 수령입고 거래번호
             , A.APLC_CTFCT_NO -- 접수자인증번호
             , A.RCVR_CTFCT_NO -- 수령자인증번호
             , (SELECT ITEM_CD
                  FROM LM_ADM.TB_LM_HPM_PRCL_BAS_FARE_HS
                 WHERE CHNL_CD = A.CHNL_CD
                   AND SHP_DV_CD = LM_ADM.FN_LM_GET_HPM_PRCL_STR_SHP_DV_CD(A.APLC_STR_CD, A.RCVR_STR_CD)
                   AND A.ODR_DT BETWEEN TO_DATE(APPL_BGN_YMD, 'YYYYMMDD') AND TO_DATE(APPL_END_YMD, 'YYYYMMDD')
                   AND ROWNUM = 1
               ) AS SVC_ITEM_CD -- 서비스 상품코드
             , A.PENGGU_OUP_YN -- 팽구출력여부
		     , (SELECT RSR_ATTR_VAL1 FROM CD_ADM.TB_CO_COM_CD WHERE COM_GRP_CD = 'HPM_PRCL_COM_CD' AND COM_CD = '02') 	AS CALL_NO
		  FROM LM_ADM.TB_LM_HPM_PRCL_ODR_LT A
	INNER JOIN FC_ADM.TB_MM_STR_MT          B         ON A.RCVR_STR_CD            = B.STR_CD
  	LEFT OUTER JOIN LM_ADM.TB_LM_CHNL_MT    C         ON A.CHNL_CD                = C.CHNL_CD
  	LEFT OUTER JOIN CD_ADM.TB_CO_COM_CD     D         ON A.HPM_PRCL_SHP_STT_CD    = D.COM_CD
    	                                             AND D.COM_GRP_CD             = 'HPM_PRCL_SHP_STT_CD'
  	LEFT OUTER JOIN FC_ADM.TB_MM_STR_BUSI_MNG_MT E    ON A.RCVR_STR_CD            = E.STR_CD
                                                   	 AND E.NOPN_RES_CD            = '03'
                                                   	 AND TO_CHAR(SYSDATE,'YYYYMMDD') BETWEEN E.OPEN_PREP_YMD AND E.OPEN_CMP_YMD
		       , LATERAL(
	                      SELECT MAX(RM.CENT_NM ) AS P_CENT_NM                                                                     --배송센터명
	                           , MAX(RM.HUB_CENT_NM ) AS P_HUB_CENT_NM                                                             --허브센터명(접수,도착 허브센터 다른경우만 표시 )
	                         FROM (
	                          SELECT X.CENT_NM AS CENT_NM                                                                          --배송센터명
	                               , X.HUB_CENT_NM                                                                                 --허브센터명(접수,도착 허브센터 다른경우만 표시 )
	                               , Z.SHP_FNO_CD                 																   --편수명
	                               , Z.DLVH_NO                                                                                     --호차번호
	                               , Z.SHP_SEQ                                                                                     --배송순서
	                               , DENSE_RANK() OVER (ORDER BY Z.SHP_FNO_CD ) RK                                                 --순번
	                            FROM TABLE(FN_LM_GET_HPM_PRCL_STR_CENT_LT(#{str_cd	,jdbcType=VARCHAR}, '')) X                     --요청점포
	                               , TB_LM_CARS_SHP_ROUT_MT Z                                                                      --LM_차량배송노선마스터
	                           WHERE 1=1
	                             AND Z.CENT_CD   = X.CENT_CD
	                             AND Z.STR_CD    = X.STR_CD
	                             AND Z.DYS_DV_CD = TO_CHAR(SYSDATE, 'D')
	                               ) RM
		                  )(+) RM
		 <choose>
		 	<when test='auth_type.equals("APLC")'>
		 		WHERE APLC_CTFCT_NO	= #{auth_cd			,jdbcType=VARCHAR}
		 	</when>
		 	<when test='auth_type.equals("RCVR")'>
		 		WHERE RCVR_CTFCT_NO	= #{auth_cd			,jdbcType=VARCHAR}
		 	</when>
		 	<otherwise>
		 		WHERE INVC_NO		= #{auth_cd			,jdbcType=VARCHAR}
		 	</otherwise>
		 </choose>
	</select>

	<resultMap id="carsInfo" type="com.korea7.parcel.pos.dto.CarsInfo">
		<result column="INFO_TYPE" 			property="infoType" />
		<result column="DLVH_NO"			property="dlvhNo" />
		<result column="SHP_FNO_CD"			property="shpFnoCd" 		javaType="int"/>
		<result column="CARS_NO"			property="carsNo" />
		<result column="SHP_SEQ"			property="shpSeq" />
	</resultMap>
	<select id="carsInfo" parameterType="java.util.Map" resultMap="carsInfo">
	   /* 차량 정보 조회 */
       SELECT RM.INFO_TYPE
            , RM.DLVH_NO
            , RM.SHP_FNO_CD
            , RM.CARS_NO
            , RM.SHP_SEQ
	     FROM TB_LM_HPM_PRCL_ODR_LT  A		/* LM_반값택배주문내역 */
	        , LATERAL(
                      SELECT
                             X.INFO_TYPE
                           , Y.SHP_FNO_CD
                           , Y.DLVH_NO                                                                                     --호차번호
                           , Y.SHP_SEQ
                           , REPLACE(Z.CARS_NO, CHR(42), NULL)  AS CARS_NO
                        FROM (
                              SELECT 'APLC' AS INFO_TYPE, STR_CD, CENT_CD, HUB_CENT_CD
                                FROM TABLE(FN_LM_GET_HPM_PRCL_STR_CENT_LT(A.APLC_STR_CD, ''))
                              UNION ALL
                              SELECT 'RCVR' AS INFO_TYPE, STR_CD, CENT_CD, HUB_CENT_CD
                                FROM TABLE(FN_LM_GET_HPM_PRCL_STR_CENT_LT(A.RCVR_STR_CD, ''))
                             ) X
                           , TB_LM_CARS_SHP_ROUT_MT Y
                           , TB_LM_CARS_MT Z                                                                     --LM_차량배송노선마스터
                       WHERE 1=1
                         AND Y.CENT_CD   = X.CENT_CD
                         AND Y.STR_CD    = X.STR_CD
                         AND Y.DYS_DV_CD = TO_CHAR(SYSDATE, 'D')
                         AND Y.CENT_CD   = Z.CENT_CD
                         AND Y.DLVH_NO   = Z.DLVH_NO
	                  )(+) RM
	    WHERE A.INVC_NO          = #{invc_no}
	    ORDER BY INFO_TYPE, SHP_FNO_CD
	</select>

	<resultMap id="posOrderList" type="com.korea7.parcel.pos.dto.SelectOrderList">
		<result column="INVC_NO" 			property="invcNo" />
		<result column="ITL_TY_NM"			property="itlTyNm" />
		<result column="ITL_NM"				property="itlNm" />
		<result column="ITEM_WGHT_VAL"		property="itemWghtVal" />
		<result column="CHNL_CD"			property="chnlCd" />
		<result column="CHNL_NM"			property="chnlNm" />
		<result column="CHNL_ODR_NO"		property="chnlOdrNo" />
		<result column="RL_ODR_NO"			property="rlOdrNo" />
		<result column="APLC_CTFCT_NO"		property="aplcCtfctNo" />
		<result column="RCVR_CTFCT_NO"		property="rcvrCtfctNo" />
		<result column="APLC_YMD"			property="aplcYmd" />
		<result column="APLC_STR_CD"		property="aplcStrCd" />
		<result column="RCVR_STR_CD"		property="rcvrStrCd" />
		<result column="RCDB_DV_CD"			property="rcdbDvCd" />
		<result column="RCDB_CD"			property="rcdbCd" />
		<result column="SHP_STT_CD"			property="shpSttCd" />
		<result column="ODR_STT_CD"			property="odrSttCd" />
		<result column="WRDL_YN"			property="wrdlYn" />
		<result column="ODR_STT_NM"			property="odrSttNm" />
	</resultMap>
	<select id="posOrderList" resultMap="posOrderList">
	    /* com.korea7.parcel.pos.dao.ParcelPosDao.posOrderList - 주문 리스트 조회 */
		SELECT /*+ LEADING (A B) INDEX (B PK_LM_CHNL_MT) */
		       INVC_NO
		     , ITL_TY_NM
		     , ITL_NM
		     , ITEM_WGHT_VAL
		     , A.CHNL_CD
		     , B.CHNL_NM
		     , CHNL_ODR_NO
		     , RL_ODR_NO
		     , APLC_CTFCT_NO
		     , RCVR_CTFCT_NO
		     , TO_CHAR(ODR_DT, 'YYYYMMDD') AS APLC_YMD
		     , APLC_STR_CD
		     , RCVR_STR_CD
		     , LST_HPM_PRCL_RCDB_DV_CD  AS RCDB_DV_CD
		     , LST_HPM_PRCL_RCDB_CD     AS RCDB_CD
		     , HPM_PRCL_SHP_STT_CD  AS SHP_STT_CD
		     , HPM_PRCL_ODR_STT_CD	AS ODR_STT_CD
		     , C.COM_CD_NM	        AS ODR_STT_NM
		     , WRDL_YN
		  FROM LM_ADM.TB_LM_HPM_PRCL_ODR_LT    A
		  LEFT OUTER JOIN LM_ADM.TB_LM_CHNL_MT B             ON A.CHNL_CD    			 = B.CHNL_CD
		  LEFT OUTER JOIN CD_ADM.TB_CO_COM_CD  C             ON A.HPM_PRCL_ODR_STT_CD    = C.COM_CD
		                                                    AND C.COM_GRP_CD             = 'HPM_PRCL_ODR_STT_CD'
		 WHERE 1=1
		  AND TO_CHAR(ODR_DT, 'YYYYMMDD') BETWEEN TO_CHAR(SYSDATE - 7, 'YYYYMMDD') AND TO_CHAR(SYSDATE, 'YYYYMMDD')
		  AND (( APLC_STR_CD   = #{str_cd			,jdbcType=VARCHAR} AND HPM_PRCL_ODR_STT_CD  = '00' )   -- 반값택배주문상태코드 00:고객주문
		    OR ( RCVR_STR_CD   = #{str_cd			,jdbcType=VARCHAR} AND HPM_PRCL_ODR_STT_CD  = '03' AND NVL(WRDL_YN, 'N') = 'N' ) -- 반값택배주문상태코드 03:수거입고, 오배송여부:N
		    OR ( APLC_STR_CD   = #{str_cd			,jdbcType=VARCHAR} AND HPM_PRCL_ODR_STT_CD  = '20' )   -- 반값택배주문상태코드 20:접수취소예정
		    OR ( RCVR_STR_CD   = #{str_cd			,jdbcType=VARCHAR} AND LST_HPM_PRCL_RCDB_CD = '2221' ) -- 최종반값택배수불코드 2221:점포(로)출고
            OR ( APLC_STR_CD   = #{str_cd			,jdbcType=VARCHAR} AND HPM_PRCL_ODR_STT_CD  = '01' )   -- 반값택배주문상태코드 01:접수입고
            OR ( LST_STR_CENT_CD = #{str_cd			,jdbcType=VARCHAR} AND WRDL_YN = 'Y' )
            OR ( RCVR_STR_CD   = #{str_cd			,jdbcType=VARCHAR} AND HPM_PRCL_ODR_STT_CD  = '21' )) -- 반값택배주문상태코드 21:점포/센터반송예정
            <!-- OR ( APLC_STR_CD   = #{str_cd			,jdbcType=VARCHAR} AND HPM_PRCL_ODR_STT_CD  = '02' ) 반값택배주문상태코드 02:검수출고
                 OR ( RCVR_STR_CD   = #{str_cd			,jdbcType=VARCHAR} AND HPM_PRCL_ODR_STT_CD  = '04' ) 반값택배주문상태코드 04:고객인계 -->
	</select>

	<update id="call_SP_LM_HPM_PRCL_RCDB_LT" parameterType="hashmap" statementType="CALLABLE">
		{
			CALL LM_ADM.SP_LM_HPM_PRCL_RCDB_LT
			(
				  #{invc_no			, mode=IN	, jdbcType=VARCHAR}
				, TO_CHAR(SYSDATE, 'YYYYMMDD')
				, #{str_cd			, mode=IN	, jdbcType=VARCHAR}
				, #{rcdb_cd			, mode=IN	, jdbcType=VARCHAR}
				, #{dlvh_no			, mode=IN	, jdbcType=VARCHAR}
				, #{shp_fno_cd		, mode=IN	, jdbcType=VARCHAR}
				, #{cars_no			, mode=IN	, jdbcType=VARCHAR}
				, #{res_cd			, mode=IN	, jdbcType=VARCHAR}
				, #{scan_yn			, mode=IN	, jdbcType=VARCHAR}
				, #{nt_cn			, mode=IN	, jdbcType=VARCHAR}
				, #{wrdl_yn			, mode=IN	, jdbcType=VARCHAR}
				, #{cmpls_crt_yn	, mode=IN	, jdbcType=VARCHAR}
				, #{app_trnm_yn		, mode=IN	, jdbcType=VARCHAR}
				, #{reg_prog_id		, mode=IN	, jdbcType=VARCHAR}
				, #{reg_user_id		, mode=IN	, jdbcType=VARCHAR}
				, #{out_cd 			, mode=OUT  , jdbcType=VARCHAR	, javaType=string}
				, #{out_msg 		, mode=OUT  , jdbcType=VARCHAR	, javaType=string}
			)
        }
	</update>

	<update id="posOrderAplcSale" parameterType="java.util.Map">
	    /* com.korea7.parcel.pos.dao.ParcelPosDao.posOrderAplcSale - 주문접수입고 매출 등록 */
		UPDATE LM_ADM.TB_LM_HPM_PRCL_ODR_LT
			<set>
			     APLC_BUSI_YMD          = #{aplc_busi_ymd		,jdbcType=VARCHAR}
                ,APLC_POS_NO            = #{aplc_pos_no			,jdbcType=VARCHAR}
                ,APLC_DEAL_NO           = #{aplc_deal_no		,jdbcType=VARCHAR}
				,UPD_USER_ID	  		= #{upd_user_id			,jdbcType=VARCHAR}
				,UPD_DT           		= SYSDATE
			</set>
		 WHERE INVC_NO					= #{invc_no			,jdbcType=VARCHAR}
		   AND SAL_CNCL_YN              = 'N'
	</update>

	<update id="posOrderRcvrSale" parameterType="java.util.Map">
	    /* com.korea7.parcel.pos.dao.ParcelPosDao.posOrderRcvrSale - 주문배송입고 매출 등록 */
		UPDATE LM_ADM.TB_LM_HPM_PRCL_ODR_LT
			<set>
			     RCVR_BUSI_YMD          = #{rcvr_busi_ymd		,jdbcType=VARCHAR}
                ,RCVR_POS_NO            = #{rcvr_pos_no			,jdbcType=VARCHAR}
                ,RCVR_DEAL_NO           = #{rcvr_deal_no		,jdbcType=VARCHAR}
				,UPD_USER_ID	  		= #{upd_user_id			,jdbcType=VARCHAR}
				,UPD_DT           		= SYSDATE
			</set>
		 WHERE INVC_NO					= #{invc_no			,jdbcType=VARCHAR}
		   AND SAL_CNCL_YN              = 'N'
	</update>

	<update id="posOrderCancelSale" parameterType="java.util.Map">
	    /* com.korea7.parcel.pos.dao.ParcelPosDao.posOrderCancelSale - 주문 접수 취소 매출 등록 */
		UPDATE LM_ADM.TB_LM_HPM_PRCL_ODR_LT
			<set>
			     SAL_CNCL_YN            = 'Y'
				,UPD_USER_ID	  		= #{upd_user_id			,jdbcType=VARCHAR}
				,UPD_DT           		= SYSDATE
			</set>
		 WHERE INVC_NO					= #{invc_no			,jdbcType=VARCHAR}
		   AND SAL_CNCL_YN              = 'N'
	</update>

	<update id="call_SP_LM_HPM_PRCL_INVC_OUP_HS" parameterType="hashmap" statementType="CALLABLE">
		{
			CALL LM_ADM.SP_LM_HPM_PRCL_INVC_OUP_HS
			(
				  #{invc_no			, mode=IN	, jdbcType=VARCHAR}
				, #{reg_prog_id		, mode=IN	, jdbcType=VARCHAR}
				, #{user_id 		, mode=IN	, jdbcType=VARCHAR}
				, #{out_cd 			, mode=OUT  , jdbcType=VARCHAR	, javaType=string}
				, #{out_msg 		, mode=OUT  , jdbcType=VARCHAR	, javaType=string}
			)
        }
	</update>

	<resultMap id="posOrderStatus" type="java.util.Map">
		<result column="APLC_STR_PRE_CNT" 			property="aplcStrPreCnt" />
		<result column="RCVR_STR_STOK_CNT" 			property="rcvrStrStokCnt" />
		<result column="APLC_STR_CANCEL_CNT"		property="aplcStrCancelCnt" />
		<result column="RCVR_STR_PRE_CNT"			property="rcvrStrPreCnt" />
		<result column="APLC_STR_STOK_CNT" 			property="aplcStrStokCnt" />
		<result column="RCVR_STR_WRDL_CNT" 			property="rcvrStrWrdlCnt" />
		<result column="RCVR_STR_SNBK_CNT" 			property="rcvrStrSnbkCnt" />
		<result column="TOT_PRE_CNT" 				property="totPreCnt" />
		<result column="TOT_STOK_CNT" 				property="totStokCnt" />
		<collection property="carsInfo" column="str_cd = STR_CD" javaType="java.util.ArrayList" ofType="com.korea7.parcel.pos.dto.StrCarsInfo" select="statusCarsInfo"/>
	</resultMap>
	<select id="posOrderStatus" resultMap="posOrderStatus">
	    /* com.korea7.parcel.pos.dao.ParcelPosDao.posOrderStatus - 주문 현황 조회 */
		SELECT
			   STR_CD
			 , APLC_STR_PRE_CNT   -- 주문 접수 예정 수량                              -- 고객 입고           - 접수
			 , RCVR_STR_STOK_CNT  -- 배송입고 수량(오배송 제외, 취소예정포함) -- 고객(수령/회수) - 수령
			 , APLC_STR_CANCEL_CNT -- 접수취소예정 수량                                -- 고객(수령/회수) - 회수
			 , RCVR_STR_PRE_CNT   -- 배송입고 예정 수량                               -- 기사입고            - 입고
		     , APLC_STR_STOK_CNT  -- 접수입고 수량                                     -- 기사(출고/반송) - 출고
		     , RCVR_STR_WRDL_CNT  -- 오배송 수량                                        -- 기사(출고/반송) - 오배송
		     , RCVR_STR_SNBK_CNT  -- 반송예정 수량                                     -- 기사(출고/반송) - 반송
		     , (APLC_STR_PRE_CNT + RCVR_STR_PRE_CNT) AS TOT_PRE_CNT -- 전체택배           - 예정(입고)
		     , (APLC_STR_STOK_CNT + APLC_STR_CANCEL_CNT + RCVR_STR_STOK_CNT + RCVR_STR_WRDL_CNT + RCVR_STR_SNBK_CNT )  AS TOT_STOK_CNT -- 전체택배 - 대기(보관)
		  FROM (
		        SELECT
		               #{str_cd ,jdbcType=VARCHAR}  AS STR_CD
		             , NVL(SUM(CASE WHEN APLC_STR_CD = #{str_cd	,jdbcType=VARCHAR} AND HPM_PRCL_ODR_STT_CD  = '00' THEN 1 END), 0)     			AS APLC_STR_PRE_CNT    -- 반값택배주문상태코드 00:고객주문             -- 주문 접수 예정 수량
		             , NVL(SUM(CASE WHEN RCVR_STR_CD = #{str_cd ,jdbcType=VARCHAR} AND HPM_PRCL_ODR_STT_CD  = '03' AND NVL(WRDL_YN, 'N') = 'N' THEN 1                  -- 반값택배주문상태코드 03:수거입고
		             				<!-- WHEN APLC_STR_CD = #{str_cd ,jdbcType=VARCHAR} AND HPM_PRCL_ODR_STT_CD  = '20' THEN 1                                                                                      접수취소예정 제외 - 제임스강 - 20250109 -->
		             				END), 0)  			                                                                                        AS RCVR_STR_STOK_CNT   -- 반값택배주문상태코드 20:접수취소예정        -- 배송입고 수량(오배송 제외, 취소예정포함)
		             , NVL(SUM(CASE WHEN APLC_STR_CD = #{str_cd ,jdbcType=VARCHAR} AND HPM_PRCL_ODR_STT_CD  = '20'   THEN 1 END), 0)  			AS APLC_STR_CANCEL_CNT -- 반값택배주문상태코드 20:접수취소예정        -- 접수취소예정 수량
		             , NVL(SUM(CASE WHEN RCVR_STR_CD = #{str_cd ,jdbcType=VARCHAR} AND LST_HPM_PRCL_RCDB_CD = '2221' THEN 1 END), 0)  			AS RCVR_STR_PRE_CNT    -- 최종반값택배수불코드 2221:점포(로)출고    -- 배송입고 예정 수량
		             , NVL(SUM(CASE WHEN APLC_STR_CD = #{str_cd ,jdbcType=VARCHAR} AND HPM_PRCL_ODR_STT_CD  = '01' THEN 1 END), 0)     			AS APLC_STR_STOK_CNT   -- 반값택배주문상태코드 01:접수입고             -- 접수입고 수량
		             , NVL(SUM(CASE WHEN LST_STR_CENT_CD = #{str_cd ,jdbcType=VARCHAR} AND WRDL_YN = 'Y' THEN 1 END), 0)              			AS RCVR_STR_WRDL_CNT   -- 오배송여부:N                      -- 오배송 수량
		             , NVL(SUM(CASE WHEN RCVR_STR_CD = #{str_cd ,jdbcType=VARCHAR} AND HPM_PRCL_ODR_STT_CD  = '21'   THEN 1 END), 0)  			AS RCVR_STR_SNBK_CNT   -- 반값택배주문상태코드 21:점포/센터반송예정 -- 반송예정 수량
		          FROM LM_ADM.TB_LM_HPM_PRCL_ODR_LT A
		         WHERE TO_CHAR(ODR_DT, 'YYYYMMDD') BETWEEN TO_CHAR(SYSDATE - 7, 'YYYYMMDD') AND TO_CHAR(SYSDATE, 'YYYYMMDD')
		         GROUP BY #{str_cd	,jdbcType=VARCHAR}
		       )
	</select>

	<resultMap id="statusCarsInfo" type="com.korea7.parcel.pos.dto.StrCarsInfo">
		<result column="DLVH_NO"			property="dlvhNo" />
		<result column="SHP_FNO_CD"			property="shpFnoCd" />
		<result column="CARS_NO"			property="carsNo" />
		<result column="SHP_SEQ"			property="shpSeq" />
		<result column="CENT_NM"			property="centNm" />
	</resultMap>
	<select id="statusCarsInfo" parameterType="java.util.Map" resultMap="statusCarsInfo">
	    /* 차량 정보 조회 */
		SELECT
		       Y.SHP_FNO_CD --편수명
		     , Y.DLVH_NO    --호차번호
		     , Y.SHP_SEQ
		     , REPLACE(Z.CARS_NO, CHR(42), NULL)  AS CARS_NO
		     , LM_ADM.FN_LM_GET_CENT_NM(X.CENT_CD)	AS CENT_NM
		  FROM (
		       SELECT STR_CD, CENT_CD, HUB_CENT_CD
		         FROM TABLE(FN_LM_GET_HPM_PRCL_STR_CENT_LT(#{str_cd}, ''))
		      ) X
		    , TB_LM_CARS_SHP_ROUT_MT Y
		    , TB_LM_CARS_MT Z --LM_차량배송노선마스터
		 WHERE 1 = 1
		   AND Y.CENT_CD   = X.CENT_CD
		   AND Y.STR_CD    = X.STR_CD
		   AND Y.DYS_DV_CD = TO_CHAR(SYSDATE, 'D')
		   AND Y.CENT_CD   = Z.CENT_CD
		   AND Y.DLVH_NO   = Z.DLVH_NO
	</select>

	<resultMap id="posParcelList" type="com.korea7.parcel.pos.dto.ParcelList">
		<result column="OCCR_YMD" 			property="occrYmd" />
		<result column="TASK_TY" 			property="taskTy" />
		<result column="CARS_NO"			property="carsNo" />
		<result column="CENT_NM" 			property="centNm" />
	</resultMap>
	<select id="posParcelList" resultMap="posParcelList">
	    /* com.korea7.parcel.pos.dao.ParcelPosDao.posParcelList - 수거/배송 리스트 조회 */
		SELECT
		       OCCR_YMD
		     , DECODE(HPM_PRCL_RCDB_CD, '1112', 'RCVR', '2114', 'APLC', '2199', 'APLC') AS TASK_TY
		     , REPLACE(CARS_NO, CHR(42), NULL)  AS CARS_NO
		     , B.CENT_NM 						AS CENT_NM
		  FROM TB_LM_HPM_PRCL_RCDB_LT A,
		  	   TABLE(LM_ADM.FN_LM_GET_HPM_PRCL_STR_CENT_LT(#{str_cd	,jdbcType=VARCHAR} ,NULL)) B
		 WHERE 1 = 1
		   AND OCCR_YMD     			BETWEEN #{bgn_ymd	,jdbcType=VARCHAR} AND #{end_ymd	,jdbcType=VARCHAR}
		   AND STR_CENT_CD  			= #{str_cd	,jdbcType=VARCHAR}
		   AND A.STR_CENT_CD			= B.STR_CD
		   AND HPM_PRCL_RCDB_CD 		IN ('1112', '2114', '2199') -- 1112:수거입고, 2114:검수출고, 2199:고객인계
		   AND NVL(CMPLS_CRT_YN, 'N')	= 'N'                       -- 강제생성여부
		 GROUP BY OCCR_YMD, DECODE(HPM_PRCL_RCDB_CD, '1112', 'RCVR', '2114', 'APLC', '2199', 'APLC'), REPLACE(CARS_NO, CHR(42), NULL), CENT_NM
		 ORDER BY OCCR_YMD DESC, TASK_TY DESC
	</select>

	<resultMap id="posParcelDetail" type="com.korea7.parcel.pos.dto.orderData">
		<result column="INVC_NO" 			property="invcNo" />
		<result column="RCVR_STR_CD"		property="rcvrStrCd" />
		<result column="RCVR_STR_NM" 		property="rcvrStrNm" />
		<result column="WRDL_YN" 			property="wrdlYn" />
		<result column="REG_DT" 			property="regDt" />
	</resultMap>
	<select id="posParcelDetail" resultMap="posParcelDetail">
	    /* com.korea7.parcel.pos.dao.ParcelPosDao.posParcelDetail - 수거/배송 상세 조회 */
		SELECT
		       A.INVC_NO
		     , B.RCVR_STR_CD
		     , ST_ADM.FN_ST_GET_STR_NM(B.RCVR_STR_CD)   AS RCVR_STR_NM
		     , A.WRDL_YN
		     , A.REG_DT
		  FROM LM_ADM.TB_LM_HPM_PRCL_RCDB_LT A,
		       LM_ADM.TB_LM_HPM_PRCL_ODR_LT  B
		 WHERE 1 = 1
		   AND A.OCCR_YMD       = #{occr_ymd	,jdbcType=VARCHAR}
		   AND A.STR_CENT_CD    = #{str_cd		,jdbcType=VARCHAR}
		   AND TRIM(CARS_NO)    = #{cars_no		,jdbcType=VARCHAR}
		   AND A.INVC_NO        = B.INVC_NO
		   AND A.HPM_PRCL_RCDB_CD IN
           <foreach collection="rcdb_cd_lst" item="i" index="index" separator="," open="(" close=")">
               #{i}
           </foreach>
	</select>

	<resultMap id="posParcelDetailCent"  type="java.util.Map">
		<result column="CENT_CD" 			property="centCd" />
		<result column="CENT_NM"			property="centNm" />
	</resultMap>
	<select id="posParcelDetailCent" resultMap="posParcelDetailCent">
		SELECT CENT_CD
		     , CENT_NM
		  FROM TABLE(LM_ADM.FN_LM_GET_HPM_PRCL_STR_CENT_LT(#{str_cd	,jdbcType=VARCHAR} ,NULL))
	</select>

	<resultMap id="selectStoreNm"  type="java.util.Map">
		<result column="STR_NM" property="strNm" />
	</resultMap>
	<select id="selectStoreNm" resultMap="selectStoreNm">
	    /* com.korea7.parcel.pos.dao.ParcelPosDao.selectStoreNm - 점포코드로 점포명 조회 */
		SELECT ST_ADM.FN_ST_GET_STR_NM(#{str_cd, jdbcType=VARCHAR}) AS STR_NM
		  FROM DUAL
	</select>

	<select id="selectPingTest" resultType="String">
		SELECT 'PING_TEST' PING_TEST
		  FROM DUAL
	</select>

	<update id="PosOrderStatusInit01">
	    /* com.korea7.parcel.pos.dao.ParcelPosDao.PosOrderStatusInit01 - 주문 상태 초기화01 (반복 테스트를 위하여 호출) */
		update LM_ADM.TB_LM_HPM_PRCL_ODR_LT
		  set ODR_DT = SYSDATE
		     ,HPM_PRCL_SHP_STT_CD = '00'
		     ,HPM_PRCL_ODR_STT_CD = '00'
		     ,APLC_BUSI_YMD = ''
		     ,APLC_POS_NO   = ''
		     ,APLC_DEAL_NO  = ''
		     ,RCVR_BUSI_YMD = ''
		     ,RCVR_POS_NO   = ''
		     ,RCVR_DEAL_NO  = ''
		     ,SAL_CNCL_YN   = 'N'
		     ,APLC_STR_CD   = '31002'
		     ,RCVR_STR_CD   =decode(invc_no, '11110124061100000015', '10001', '31002')
		     --,RCVR_STR_CD   = '31002'
		     ,HPM_PRCL_TOB_DV_CD = '01'
		     ,APLC_CNCL_SCHD_YN = 'N'
		     ,SNBK_SCHD_YN = 'N'
		     ,WRDL_YN = 'N'
		     ,LST_STR_CENT_CD = '31002'
		     ,LST_STR_CENT_DV_CD = '1'
		     ,LST_HPM_PRCL_RCDB_DV_CD = '91'
		     ,LST_HPM_PRCL_RCDB_CD = '9101'
		     ,LST_WARH_RLE_DV_CD = ''
		     ,APLC_NM = case when invc_no = '11110124061100000015' then '홍'
		                     when invc_no = '11110124061100000016' then '홍길'
		                     else '홍길동' end
		     ,RCVR_NM = case when invc_no = '11110124061100000015' then '홍길동님'
		                     when invc_no = '11110124061100000016' then '홍길이다'
		                     else '김철수' end
		     ,APLC_CPHN_NO = FN_ENCRYPT('ALLFP', '010-1111-2222')
		     ,RCVR_CPHN_NO = FN_ENCRYPT('ALLFP', '010-5555-6666')
		 where 1=1
		   and invc_no in( '11110124061100000015', '11110124061100000016', '11110124061100000017')
	</update>

	<delete id="PosOrderStatusInit02">
	    /* com.korea7.parcel.pos.dao.ParcelPosDao.PosOrderStatusInit02 - 주문 상태 초기화01 (반복 테스트를 위하여 호출) */
		delete from TB_LM_HPM_PRCL_RCDB_LT
			where 1=1
			  and invc_no in( '11110124061100000015', '11110124061100000016', '11110124061100000017')
			  and hpm_prcl_rcdb_cd != '9101'
	</delete>

	<update id="PosOrderStatusInit03">
	    /* com.korea7.parcel.pos.dao.ParcelPosDao.PosOrderStatusInit03 - 주문 상태 초기화01 (반복 테스트를 위하여 호출) */
		update TB_LM_HPM_PRCL_RCDB_LT
			set   occr_ymd = TO_CHAR(SYSDATE, 'YYYYMMDD')
			     ,APP_TRNM_DV_CD='N'
			     ,RSPO_CD = ''
			     ,RSPO_MSG = ''
			     ,STR_CENT_CD = '31002'
			where 1=1
			  and invc_no in( '11110124061100000015', '11110124061100000016', '11110124061100000017')
	</update>
</mapper>